{"cameraMode":{"drawMode":0,"name":"Shaded","section":"Shading Mode"},"sceneLighting":false,"audioPlay":false,"sceneViewState":{"m_AlwaysRefresh":false,"showFog":true,"showSkybox":false,"showFlares":true,"showImageEffects":true,"showParticleSystems":true,"showVisualEffectGraphs":true,"m_FxEnabled":true},"in2DMode":false,"pivot":{"x":-0.0012380965054035187,"y":0.2203151285648346,"z":0.013425394892692566},"rotation":{"x":-0.016953494399785997,"y":-0.9818460941314697,"z":0.1559325009584427,"w":-0.10675632208585739},"size":0.07664351165294647,"orthographic":false}