{"cameraMode":{"drawMode":0,"name":"Shaded","section":"Shading Mode"},"sceneLighting":true,"audioPlay":false,"sceneViewState":{"m_AlwaysRefresh":false,"showFog":true,"showSkybox":false,"showFlares":true,"showImageEffects":true,"showParticleSystems":true,"showVisualEffectGraphs":true,"m_FxEnabled":true},"in2DMode":false,"pivot":{"x":0.011843007057905198,"y":0.060703955590724948,"z":0.06067827343940735},"rotation":{"x":0.0010913432342931629,"y":0.9987733960151672,"z":-0.025783821940422059,"w":0.042274110019207},"size":0.05823983997106552,"orthographic":false}