{"cameraMode":{"drawMode":0,"name":"Shaded","section":"Shading Mode"},"sceneLighting":true,"audioPlay":false,"sceneViewState":{"m_AlwaysRefresh":false,"showFog":true,"showSkybox":false,"showFlares":true,"showImageEffects":true,"showParticleSystems":true,"showVisualEffectGraphs":true,"m_FxEnabled":true},"in2DMode":false,"pivot":{"x":-0.005720566958189011,"y":0.05774502456188202,"z":0.011939172632992268},"rotation":{"x":-0.023948080837726594,"y":-0.9566481709480286,"z":0.08229214698076248,"w":-0.2784128189086914},"size":0.1356816291809082,"orthographic":true}