{"cameraMode":{"drawMode":0,"name":"Shaded","section":"Shading Mode"},"sceneLighting":true,"audioPlay":false,"sceneViewState":{"m_AlwaysRefresh":false,"showFog":true,"showSkybox":true,"showFlares":true,"showImageEffects":true,"showParticleSystems":true,"showVisualEffectGraphs":true,"m_FxEnabled":true},"in2DMode":false,"pivot":{"x":-0.1767175942659378,"y":0.35443076491355898,"z":0.0004334449768066406},"rotation":{"x":-0.001338099711574614,"y":0.9982994794845581,"z":-0.02546210214495659,"w":-0.05245840921998024},"size":0.41371777653694155,"orthographic":false}