{"cameraMode":{"drawMode":0,"name":"Shaded","section":"Shading Mode"},"sceneLighting":true,"audioPlay":false,"sceneViewState":{"m_AlwaysRefresh":false,"showFog":true,"showSkybox":true,"showFlares":true,"showImageEffects":true,"showParticleSystems":true,"showVisualEffectGraphs":true,"m_FxEnabled":true},"in2DMode":false,"pivot":{"x":0.015689687803387643,"y":0.23429743945598603,"z":0.02825799770653248},"rotation":{"x":0.0003777601814363152,"y":0.9980001449584961,"z":0.06295768171548844,"w":-0.0059880949556827549},"size":0.34419405460357668,"orthographic":false}